question,expected_source,question_type,model,baseline_acc,baseline_faith,baseline_rel,baseline_rec,baseline_mrr,baseline_in_tok,baseline_out_tok,baseline_latency_ms,baseline_cost_usd,baseline_answer,baseline_error,+KG_acc,+KG_faith,+KG_rel,+KG_rec,+KG_mrr,+KG_in_tok,+KG_out_tok,+KG_latency_ms,+KG_cost_usd,+KG_answer,+KG_error,+multimodal_acc,+multimodal_faith,+multimodal_rel,+multimodal_rec,+multimodal_mrr,+multimodal_in_tok,+multimodal_out_tok,+multimodal_latency_ms,+multimodal_cost_usd,+multimodal_answer,+multimodal_error,+both_acc,+both_faith,+both_rel,+both_rec,+both_mrr,+both_in_tok,+both_out_tok,+both_latency_ms,+both_cost_usd,+both_answer,+both_error
What vaccine is currently the only one used in China for leptospirosis?,PMC5985562_00009.txt,text,gpt4o-mini,1,1,1,1,1.0,432,20,1027.3,7.7e-05,The only vaccine currently used in China for leptospirosis is a multivalent inactivated vaccine.,,1,0,1,1,1.0,495,19,2423.1,8.6e-05,The currently used vaccine in China for leptospirosis is a multivalent inactivated vaccine.,,1,1,1,1,1.0,25938,20,1767.1,0.003903,The only vaccine currently used in China for leptospirosis is a multivalent inactivated vaccine.,,1,1,1,1,1.0,26005,20,1932.3,0.003913,The only vaccine currently used in China for leptospirosis is a multivalent inactivated vaccine.,
What percentage increase in signal was observed for buprenorphine in the binary mixture when analyzed by TD-DART-MS?,PMC5731661_00008.txt,text,gpt4o-mini,1,1,1,1,1.0,472,26,1158.6,8.6e-05,A 323% increase in signal was observed for buprenorphine in the binary mixture when analyzed by TD-DART-MS.,,1,1,1,1,1.0,573,26,1212.7,0.000102,A 323% increase in signal was observed for buprenorphine in the binary mixture when analyzed by TD-DART-MS.,,1,1,1,1,1.0,25978,26,1666.5,0.003912,A 323% increase in signal was observed for buprenorphine in the binary mixture when analyzed by TD-DART-MS.,,1,1,1,1,1.0,26083,26,1239.5,0.003928,A 323% increase in signal was observed for buprenorphine in the binary mixture when analyzed by TD-DART-MS.,
What is the name of the instrument developed at Laval University to measure doctor-patient communication competency in medical students?,PMC5658909_00001.txt,text,gpt4o-mini,1,1,1,1,1.0,422,33,1151.5,8.3e-05,The instrument developed at Laval University to measure doctor-patient communication competency in medical students is called the Doctor-Patient Communication C,,0,0,0,1,1.0,485,4,739.8,7.5e-05,I don't know.,,1,0,1,1,1.0,25928,35,1660.1,0.00391,"The instrument developed at Laval University to measure doctor-patient communication competency in medical students is called the ""Doctor-Patient Communication ",,1,0,1,1,1.0,25995,35,1610.2,0.00392,"The instrument developed at Laval University to measure doctor-patient communication competency in medical students is called the ""Doctor-Patient Communication ",
What linguistic cue indicates that the speaker knows what they are saying is factually not true in counterfactual comprehension?,PMC5018041_00001.txt,text,gpt4o-mini,1,1,1,1,1.0,366,28,1161.6,7.2e-05,The use of the subjunctive mood indicates that the speaker knows what they are saying is factually not true in counterfactual comprehension.,,1,1,1,1,1.0,449,30,1134.8,8.5e-05,The subjunctive mood is the linguistic cue that indicates that the speaker knows what they are saying is factually not true in counterfactual comprehension.,,1,1,1,1,1.0,25872,57,3006.3,0.003915,"In counterfactual comprehension, the linguistic cue that indicates the speaker knows what they are saying is factually not true is the use of the subjunctive mo",,1,1,1,1,1.0,25959,29,1592.4,0.003911,The linguistic cue that indicates the speaker knows what they are saying is factually not true in counterfactual comprehension is the subjunctive mood.,
What was the primary diagnosis of the 115 women in the BED group?,PMC3051108_00002.txt,text,gpt4o-mini,1,1,1,1,1.0,463,20,913.4,8.1e-05,The primary diagnosis of the 115 women in the BED group was Binge Eating Disorder (BED).,,1,1,1,1,1.0,546,20,1196.5,9.4e-05,The primary diagnosis of the 115 women in the BED group was Binge Eating Disorder (BED).,,1,1,1,1,1.0,25969,20,1414.6,0.003907,The primary diagnosis of the 115 women in the BED group was Binge Eating Disorder (BED).,,1,1,1,1,1.0,26056,20,1137.5,0.00392,The primary diagnosis of the 115 women in the BED group was Binge Eating Disorder (BED).,
What type of mice were used to evaluate the protective role of EGCG against diabetic testicular damage?,PMC5733955_00001.txt,text,gpt4o-mini,0,1,1,1,1.0,477,34,1405.4,9.2e-05,The type of mice used to evaluate the protective role of EGCG against diabetic testicular damage were male C57BL/6 wild-type and Nef Knockout mice.,,0,1,1,1,1.0,549,34,1254.1,0.000103,The type of mice used to evaluate the protective role of EGCG against diabetic testicular damage were male C57BL/6 wild-type and Nef Knockout mice.,,0,1,1,1,1.0,25983,34,2179.3,0.003918,The type of mice used to evaluate the protective role of EGCG against diabetic testicular damage were male C57BL/6 wild-type and Nef Knockout mice.,,0,1,1,1,1.0,26059,34,1941.0,0.003929,The type of mice used to evaluate the protective role of EGCG against diabetic testicular damage were male C57BL/6 wild-type and Nef Knockout mice.,
What questionnaire module is used alongside the EORTC QLQ-C30 to assess breast cancer-specific symptoms?,PMC5759866_00005.txt,text,gpt4o-mini,1,1,1,1,1.0,498,28,1115.8,9.1e-05,The breast cancer-specific module used alongside the EORTC QLQ-C30 is the EORTC-QLQ-ERDS.,,1,1,1,1,1.0,573,28,988.2,0.000103,The breast cancer-specific module used alongside the EORTC QLQ-C30 is the EORTC-QLQ-ERDS.,,1,1,1,1,1.0,26004,32,1304.7,0.00392,The questionnaire module used alongside the EORTC QLQ-C30 to assess breast cancer-specific symptoms is the EORTC-QLQ-ERDS.,,1,1,1,1,1.0,26083,32,1799.7,0.003932,The questionnaire module used alongside the EORTC QLQ-C30 to assess breast cancer-specific symptoms is the EORTC-QLQ-ERDS.,
What year is associated with the Cngenve ae Fae nvsom esas entity in the passage?,PMC4974260_00004.txt,text,gpt4o-mini,0,0,0,0,0.0,457,4,701.9,7.1e-05,I don't know.,,0,0,0,0,0.0,472,4,653.6,7.3e-05,I don't know.,,0,0,1,0,0.0,25963,38,1722.7,0.003917,"The text provided does not mention a specific year associated with the ""Cngenve ae Fae nvsom esas entity."" Therefore, I don't know the year related to that enti",,0,0,0,0,0.0,25982,4,1326.2,0.0039,I don't know.,
What term did the vocational trainees in this Swedish general practice study use to refer to a specific refugee group?,PMC4205530_00005.txt,text,gpt4o-mini,1,1,1,1,1.0,440,26,1321.8,8.2e-05,"The term used to refer to a specific refugee group by the vocational trainees in the Swedish general practice study is ""Somali patient.""",,1,0,1,1,1.0,520,21,816.8,9.1e-05,"The vocational trainees in the Swedish general practice study referred to a specific refugee group as ""Somali patient.""",,1,1,1,1,1.0,25946,21,1446.9,0.003904,"The vocational trainees in the Swedish general practice study referred to a specific refugee group as ""Somali patients.""",,1,1,1,1,1.0,26030,21,1690.5,0.003917,"The vocational trainees in the Swedish general practice study referred to a specific refugee group as ""Somali patients.""",
What two approaches are discussed for assessing the grammatical abilities of nonhuman animals?,PMC5325849_00000.txt,text,gpt4o-mini,1,1,1,1,1.0,431,51,1325.1,9.5e-05,The two approaches discussed for assessing the grammatical abilities of nonhuman animals are: 1) comparing the sounds of animal vocalizations with linguistic on,,1,1,1,1,1.0,510,50,1614.8,0.000107,"The two approaches discussed for assessing the grammatical abilities of nonhuman animals are: 1) comparing the vocalizations of animals to linguistic ones, and ",,1,1,1,1,1.0,25937,48,4054.2,0.003919,The two approaches discussed for assessing the grammatical abilities of nonhuman animals are:  1. Comparing the vocalizations of animals with human language. 2.,,1,1,1,1,1.0,26020,48,2702.7,0.003932,The two approaches discussed for assessing the grammatical abilities of nonhuman animals are:  1. Comparing the vocalizations of animals to linguistic ones. 2. ,
In which two countries is the 'her carer' category relatively more important when both parents are away?,PMC4837485_00006.txt,text,gpt4o-mini,1,1,1,1,1.0,426,22,983.6,7.7e-05,The 'her carer' category is relatively more important in Indonesia and the Philippines when both parents are away.,,1,1,1,1,1.0,504,22,821.5,8.9e-05,The 'her carer' category is relatively more important in Indonesia and the Philippines when both parents are away.,,1,1,1,1,1.0,25932,22,1799.9,0.003903,The 'her carer' category is relatively more important in Indonesia and the Philippines when both parents are away.,,1,1,1,1,1.0,26014,22,1798.8,0.003915,The 'her carer' category is relatively more important in Indonesia and the Philippines when both parents are away.,
What proportion of CA- and HCA-BSI was reported by Laupland et al. for children aged 30 days to <1 year in Canada?,PMC4531492_00004.txt,text,gpt4o-mini,1,1,1,1,1.0,457,33,1108.8,8.8e-05,The proportion of CA- and HCA-BSI reported by Laupland et al. for children aged 30 days to <1 year in Canada is 81%.,,1,1,1,1,1.0,537,33,1186.7,0.0001,The proportion of CA- and HCA-BSI reported by Laupland et al. for children aged 30 days to <1 year in Canada is 81%.,,1,1,1,1,1.0,25963,33,1796.2,0.003914,The proportion of CA- and HCA-BSI reported by Laupland et al. for children aged 30 days to <1 year in Canada is 81%.,,1,1,1,1,1.0,26047,33,1622.8,0.003927,The proportion of CA- and HCA-BSI reported by Laupland et al. for children aged 30 days to <1 year in Canada is 81%.,
What equipment is most commonly used for microfluidics in phylogenomics?,PMC5895195_00002.txt,text,gpt4o-mini,1,1,1,1,1.0,421,22,940.4,7.6e-05,The most commonly used equipment for microfluidics in phylogenomics is the Fluidigm Access Array System.,,1,1,1,1,1.0,451,22,806.6,8.1e-05,The most commonly used equipment for microfluidics in phylogenomics is the Fluidigm Access Array System.,,1,1,1,1,1.0,25927,22,2399.4,0.003902,The most commonly used equipment for microfluidics in phylogenomics is the Fluidigm Access Array System.,,1,1,1,1,1.0,25961,22,1474.6,0.003907,The most commonly used equipment for microfluidics in phylogenomics is the Fluidigm Access Array System.,
What NT level value is associated with 87.3% sensitivity and 91.7% specificity for discriminating colon pathology from normal colonic epithelium?,PMC5591352_00002.txt,text,gpt4o-mini,1,1,1,1,1.0,510,39,1020.0,0.0001,The NT level value associated with 87.3% sensitivity and 91.7% specificity for discriminating colon pathology from normal colonic epithelium is 1293 pg/ml.,,0,0,0,1,1.0,601,4,499.3,9.3e-05,I don't know.,,1,1,1,1,1.0,37350,39,1843.6,0.005626,The NT level value associated with 87.3% sensitivity and 91.7% specificity for discriminating colon pathology from normal colonic epithelium is 1293 pg/ml.,,1,0,1,1,1.0,37445,39,2101.3,0.00564,The NT level value associated with 87.3% sensitivity and 91.7% specificity for discriminating colon pathology from normal colonic epithelium is 1293 pg/ml.,
What was the total number of registered GPs in the Seine-Maritime area in 2010?,PMC4308843_00001.txt,text,gpt4o-mini,1,1,1,1,1.0,443,23,1046.4,8e-05,"The total number of registered GPs in the Seine-Maritime area in 2010 was 1,040.",,1,1,1,1,1.0,515,22,890.6,9e-05,The total number of registered GPs in the Seine-Maritime area in 2010 was 1040.,,1,1,1,1,1.0,25949,23,1326.2,0.003906,"The total number of registered GPs in the Seine-Maritime area in 2010 was 1,040.",,1,1,1,1,1.0,26025,23,1492.6,0.003918,"The total number of registered GPs in the Seine-Maritime area in 2010 was 1,040.",
How many patients treated with placebo experienced their first stroke more than 390 days after the first intake of trial medication?,PMC5404404_00002.txt,text,gpt4o-mini,0,0,0,1,1.0,491,4,933.4,7.6e-05,I don't know.,,0,0,0,1,1.0,563,4,626.1,8.7e-05,I don't know.,,0,0,0,1,1.0,25997,4,1200.4,0.003902,I don't know.,,0,0,1,1,1.0,26073,40,1512.5,0.003935,The provided text does not specify how many patients treated with placebo experienced their first stroke more than 390 days after the first intake of trial medi,
What structural component of the T4 phage is formed by the trimeric assembly of gp27-gp5?,PMC3352280_00010.txt,text,gpt4o-mini,1,1,1,1,1.0,518,24,1870.7,9.2e-05,The trimeric assembly of gp27-gp5 forms the puncturing device of the T4 phage hub.,,1,1,1,1,1.0,605,24,876.7,0.000105,The trimeric assembly of gp27-gp5 forms the cell puncturing device of the T4 phage.,,1,1,1,1,1.0,31691,40,2054.7,0.004778,"The structural component of the T4 phage formed by the trimeric assembly of gp27-gp5 is the ""puncturing device"" of the tail apparatus (TA phage hub).",,1,1,1,1,1.0,31782,29,1535.9,0.004785,The structural component of the T4 phage formed by the trimeric assembly of gp27-gp5 is the cell puncturing device.,
What percentage of species across all dietary categories were correctly classified using ecomorphology in the LDA?,PMC4321144_00001.txt,text,gpt4o-mini,0,0,1,1,1.0,485,27,1144.1,8.9e-05,The percentage of species across all dietary categories that were correctly classified using ecomorphology in the LDA was 68-81%.,,0,0,1,1,1.0,569,27,1086.2,0.000102,The percentage of species across all dietary categories that were correctly classified using ecomorphology in the LDA is 68-81%.,,0,0,1,1,1.0,25991,25,1391.3,0.003914,The percentage of species across all dietary categories that were correctly classified using ecomorphology in the LDA is 75%.,,0,0,1,1,1.0,26079,25,1705.3,0.003927,The percentage of species across all dietary categories that were correctly classified using ecomorphology in the LDA is 75%.,
What transcription factor is expressed in the epicardium during heart development?,PMC4798847_00001.txt,text,gpt4o-mini,0,0,0,1,0.5,428,4,623.0,6.7e-05,I don't know.,,0,0,0,1,0.5,491,4,678.2,7.6e-05,I don't know.,,0,0,0,1,0.5,25934,4,1247.8,0.003892,I don't know.,,0,0,0,1,0.5,26001,4,2754.6,0.003903,I don't know.,
What database was used to investigate whether young age at onset is an independent negative prognostic factor in breast cancer?,PMC5050233_00001.txt,text,gpt4o-mini,0,0,0,1,1.0,433,4,531.2,6.7e-05,I don't know.,,0,0,0,1,1.0,496,4,639.6,7.7e-05,I don't know.,,0,0,0,1,1.0,25939,36,1706.7,0.003912,The text context does not specify a particular database used to investigate whether young age at onset is an independent negative prognostic factor in breast ca,,0,0,0,1,1.0,26006,36,1856.8,0.003922,The text context does not specify a particular database used to investigate whether young age at onset is an independent negative prognostic factor in breast ca,
What modification was made to the SCID diagnostic criteria for Major Depressive Disorder in the study conducted in Kyiv and Zaporizhia?,PMC6092824_00003.txt,text,gpt4o-mini,0,1,1,1,1.0,452,76,1362.4,0.000113,The modification made to the SCID diagnostic criteria for Major Depressive Disorder (MDD) in the study was to improve the likelihood of capturing probable cases,,0,1,1,1,1.0,548,74,1442.5,0.000127,The modification made to the SCID diagnostic criteria for Major Depressive Disorder (MDD) in the study was to improve the likelihood of capturing probable cases,,0,1,1,1,1.0,25958,88,3152.9,0.003946,The modification made to the SCID diagnostic criteria for Major Depressive Disorder (MDD) in the study conducted in Kyiv and Zaporizhia involved slightly alteri,,0,1,1,1,1.0,26058,85,1965.5,0.00396,The modification made to the SCID diagnostic criteria for Major Depressive Disorder (MDD) in the study conducted in Kyiv and Zaporizhia involved slightly alteri,
What chemotherapy regimen was used for neoadjuvant treatment in a single patient with stage IVb thymic carcinoma?,PMC6103631_00003.txt,text,gpt4o-mini,0,0,0,1,1.0,488,4,577.4,7.6e-05,I don't know.,,0,0,0,1,1.0,567,4,609.1,8.7e-05,I don't know.,,0,0,1,1,1.0,25994,34,7546.5,0.00392,The chemotherapy regimen used for neoadjuvant treatment in a single patient with stage IVb thymic carcinoma included concurrent weekly capecitabine and paclitax,,0,0,1,1,1.0,26077,64,2267.8,0.00395,The chemotherapy regimen used for neoadjuvant treatment in a single patient with stage IVb thymic carcinoma included concurrent weekly capecitabine and paclitax,
What research methodology is mentioned as showing persons and institutions that embody several roles and functions?,PMC5306236_00019.txt,text,gpt4o-mini,1,1,1,1,1.0,411,17,733.0,7.2e-05,"The research methodology mentioned is ""following the actors"" (Latour 1987).",,1,1,1,1,1.0,489,19,876.2,8.5e-05,"The research methodology mentioned is ""following the actors"" as described by Latour (1987).",,1,1,1,1,1.0,25917,28,4742.1,0.003904,"The research methodology mentioned as showing persons and institutions that embody several roles and functions is ""following the actors"" (Latour 1987).",,1,1,1,1,1.0,25999,30,1794.8,0.003918,"The research methodology mentioned as showing persons and institutions that embody several roles and functions is ""following the actors"" as referenced by Latour",
What diagnostic method was consistently positive in all examined cases of Bartonella infection?,PMC5997851_00004.txt,text,gpt4o-mini,1,1,1,1,1.0,426,11,515.7,7e-05,Bartonella DNA was positive in all examined cases.,,1,1,1,1,1.0,502,23,755.4,8.9e-05,The diagnostic method that was consistently positive in all examined cases of Bartonella infection was the detection of Bartonella DNA.,,1,1,1,1,1.0,25932,23,1150.0,0.003904,The diagnostic method that was consistently positive in all examined cases of Bartonella infection was the detection of Bartonella DNA.,,1,1,1,1,1.0,26012,23,1213.7,0.003916,The diagnostic method that was consistently positive in all examined cases of Bartonella infection was the detection of Bartonella DNA.,
What is the AB42/AB40 ratio significantly higher in compared to the EV-depleted medium?,PMC5137253_00001.txt,text,gpt4o-mini,0,0,0,0,0.0,435,4,431.1,6.8e-05,I don't know.,,0,0,0,0,0.0,526,4,787.6,8.1e-05,I don't know.,,0,0,0,0,0.0,25941,4,1081.4,0.003894,I don't know.,,0,0,0,0,0.0,26036,4,1285.0,0.003908,I don't know.,
What was the threshold for the number of magnetic resonance images used to compare HCC before and after registration?,PMC5976220_00003.txt,text,gpt4o-mini,0,0,0,0,0.0,472,4,771.7,7.3e-05,I don't know.,,0,0,0,0,0.0,554,4,1714.6,8.6e-05,I don't know.,,0,0,1,0,0.0,25978,36,1597.0,0.003918,"The provided text does not specify a threshold for the number of magnetic resonance images used to compare HCC before and after registration. Therefore, I don't",,0,0,1,0,0.0,26064,36,1978.8,0.003931,"The provided text does not specify a threshold for the number of magnetic resonance images used to compare HCC before and after registration. Therefore, I don't",
Which diagnostic group showed no significant correlations for planning and text organization?,PMC5868987_00013.txt,text,gpt4o-mini,1,0,1,1,1.0,477,14,693.6,8e-05,The dyslexia group showed no significant correlations for planning and text organization.,,1,0,1,1,1.0,544,14,690.5,9e-05,The dyslexia group showed no significant correlations for planning and text organization.,,1,0,1,1,1.0,25983,19,1938.7,0.003909,The diagnostic group that showed no significant correlations for planning and text organization is the dyslexia group.,,1,0,1,1,1.0,26054,19,1587.9,0.00392,The diagnostic group that showed no significant correlations for planning and text organization is the dyslexia group.,
What molecule was measured in SHRSP rats and WKY rats to compare its levels before and after administration?,PMC4490909_00005.txt,text,gpt4o-mini,0,1,1,1,0.5,478,24,1022.5,8.6e-05,Hexadecanoate levels were measured in SHRSP rats and WKY rats to compare its levels before and after administration.,,0,0,1,1,0.5,537,25,1676.8,9.6e-05,The molecule measured in SHRSP rats and WKY rats to compare its levels before and after administration is hexadecanoate.,,0,1,1,1,0.5,25984,25,2307.7,0.003913,The molecule measured in SHRSP rats and WKY rats to compare its levels before and after administration is hexadecanoate.,,0,0,1,1,0.5,26047,26,1313.3,0.003923,The molecule measured in SHRSP rats and WKY rats to compare its levels before and after administration is hexadecanoic acid.,
What percentage of productive forest land in Sweden is privately owned?,PMC5999132_00005.txt,text,gpt4o-mini,1,1,1,1,1.0,452,14,933.1,7.6e-05,Approximately 81% of productive forest land in Sweden is privately owned.,,1,1,1,1,1.0,524,14,725.1,8.7e-05,Approximately 81% of productive forest land in Sweden is privately owned.,,1,1,1,1,1.0,25958,14,4220.1,0.003902,Approximately 81% of productive forest land in Sweden is privately owned.,,1,1,1,1,1.0,26034,14,1200.2,0.003914,Approximately 81% of productive forest land in Sweden is privately owned.,
What cutoff score on the ADOS or ADI-R was used to define the at-risk typical group?,PMC3942014_00004.txt,text,gpt4o-mini,1,0,1,1,1.0,548,31,1024.4,0.000101,The cutoff score on the ADOS or ADI-R used to define the at-risk typical group was within 1 standard deviation of the mean (>775).,,1,0,1,1,1.0,631,31,1171.2,0.000113,The cutoff score on the ADOS or ADI-R used to define the at-risk typical group was within 1 standard deviation of the mean (>775).,,1,1,1,1,1.0,26054,32,1636.9,0.003927,The cutoff score on the ADOS or ADI-R used to define the at-risk typical group was within 1 standard deviation of the mean (> 775).,,1,1,1,1,1.0,26141,31,1526.8,0.00394,The cutoff score on the ADOS or ADI-R used to define the at-risk typical group was within 1 standard deviation of the mean (>775).,
"What percentage of the HAdV-positive wastewater samples in the Eastern Cape Province, South Africa contained adenovirus serotype 3 (species B)?",PMC5093187_00008.txt,text,gpt4o-mini,1,1,1,1,1.0,527,23,1247.7,9.3e-05,86.7% of the HAdV-positive wastewater samples contained adenovirus serotype 3 (species B).,,1,1,1,1,1.0,611,28,1224.0,0.000108,The percentage of the HAdV-positive wastewater samples that contained adenovirus serotype 3 (species B) is 86.7%.,,1,1,1,1,1.0,26033,36,1632.3,0.003927,"The percentage of the HAdV-positive wastewater samples in the Eastern Cape Province, South Africa that contained adenovirus serotype 3 (species B) is 86.7%.",,1,1,1,1,1.0,26121,36,2379.9,0.00394,"The percentage of the HAdV-positive wastewater samples in the Eastern Cape Province, South Africa that contained adenovirus serotype 3 (species B) is 86.7%.",
What is the effect of the methylene chloride fraction from Rubus coreanum on blood pressure in anesthetized rats?,PMC4745144_00000.txt,text,gpt4o-mini,1,1,1,1,1.0,401,20,753.3,7.2e-05,The methylene chloride fraction from Rubus coreanum causes hypotensive effects in anesthetized rats.,,1,1,1,1,1.0,478,22,992.8,8.5e-05,The methylene chloride fraction extracted from Rubus coreanum causes a hypotensive effect in anesthetized rats.,,1,1,1,1,1.0,25907,50,2040.3,0.003916,"The methylene chloride fraction extracted from Rubus coreanum causes hypotensive effects in anesthetized rats, indicating a decrease in blood pressure. This eff",,1,1,1,1,1.0,25988,54,2703.4,0.003931,"The methylene chloride fraction extracted from Rubus coreanum causes a depressor action and vasorelaxation in anesthetized rats, leading to a decrease in blood ",
What ELISA kit was used to measure HMGB1 concentration in CSF samples?,PMC5061653_00002.txt,text,gpt4o-mini,0,1,1,1,1.0,458,36,1109.3,9e-05,"The ELISA kit used to measure HMGB1 concentration in CSF samples was the FING ELISA Kit Il from SHINO-TEST Corporations, Kanagawa, Japan.",,0,1,1,1,1.0,536,36,1038.1,0.000102,"The ELISA kit used to measure HMGB1 concentration in CSF samples was the FING ELISA Kit Il from SHINO-TEST Corporations, Kanagawa, Japan.",,0,1,1,1,1.0,25964,36,1976.7,0.003916,"The ELISA kit used to measure HMGB1 concentration in CSF samples was the FING ELISA Kit II from SHINO-TEST Corporations, Kanagawa, Japan.",,0,1,1,1,1.0,26046,36,1574.0,0.003928,"The ELISA kit used to measure HMGB1 concentration in CSF samples was the FING ELISA Kit II from SHINO-TEST Corporations, Kanagawa, Japan.",
What was the Kaiser-Meyer-Olkin measure of sampling adequacy for the dataset?,PMC2627534_00003.txt,text,gpt4o-mini,1,1,1,1,1.0,476,21,965.9,8.4e-05,The Kaiser-Meyer-Olkin measure of sampling adequacy for the dataset was 0.77.,,1,1,1,1,1.0,548,21,890.3,9.5e-05,The Kaiser-Meyer-Olkin measure of sampling adequacy for the dataset was 0.77.,,1,1,1,1,1.0,25982,21,1189.3,0.00391,The Kaiser-Meyer-Olkin measure of sampling adequacy for the dataset was 0.77.,,1,1,1,1,1.0,26058,21,3743.1,0.003921,The Kaiser-Meyer-Olkin measure of sampling adequacy for the dataset was 0.77.,
What was identified as the single independent risk factor for MDRGNB-infected foot ulcers in diabetic patients?,PMC2821376_00000.txt,text,gpt4o-mini,1,1,1,1,1.0,453,26,948.2,8.4e-05,The single independent risk factor identified for MDRGNB-infected foot ulcers in diabetic patients was 'Glycemic control at discharge.',,1,1,1,1,1.0,532,26,807.3,9.5e-05,The single independent risk factor identified for MDRGNB-infected foot ulcers in diabetic patients was 'Glycemic control at discharge'.,,1,1,1,1,1.0,25959,25,1613.9,0.003909,"The single independent risk factor identified for MDRGNB-infected foot ulcers in diabetic patients was ""glycemic control at discharge.""",,1,1,1,1,1.0,26042,25,1446.9,0.003921,"The single independent risk factor identified for MDRGNB-infected foot ulcers in diabetic patients was ""glycemic control at discharge.""",
