question,expected_source,question_type,model,baseline_acc,baseline_faith,baseline_rel,baseline_rec,baseline_complete,baseline_mrr,baseline_in_tok,baseline_out_tok,baseline_latency_ms,baseline_cost_usd,baseline_answer,baseline_error,+KG_acc,+KG_faith,+KG_rel,+KG_rec,+KG_complete,+KG_mrr,+KG_in_tok,+KG_out_tok,+KG_latency_ms,+KG_cost_usd,+KG_answer,+KG_error,+multimodal_acc,+multimodal_faith,+multimodal_rel,+multimodal_rec,+multimodal_complete,+multimodal_mrr,+multimodal_in_tok,+multimodal_out_tok,+multimodal_latency_ms,+multimodal_cost_usd,+multimodal_answer,+multimodal_error,+both_acc,+both_faith,+both_rel,+both_rec,+both_complete,+both_mrr,+both_in_tok,+both_out_tok,+both_latency_ms,+both_cost_usd,+both_answer,+both_error
What vaccine is currently the only one used in China for leptospirosis?,PMC5985562_00009.txt,text,gemini-flash-lite,1,1,1,1,1,1.0,459,19,746.0,5.4e-05,A multivalent inactivated vaccine is currently the only one used in China for leptospirosis.,,1,1,1,1,1,1.0,474,18,553.7,5.5e-05,The currently used vaccine in China for leptospirosis is a multivalent inactivated vaccine.,,1,1,1,1,1,1.0,690,24,445.5,7.9e-05,The provided text states that a multivalent inactivated vaccine is currently the only one used in China for leptospirosis.,,1,1,1,1,1,1.0,709,25,497.5,8.1e-05,"According to the provided text, a multivalent inactivated vaccine is currently the only one used in China for leptospirosis.",
What percentage increase in signal was observed for buprenorphine in the binary mixture when analyzed by TD-DART-MS?,PMC5731661_00008.txt,text,gemini-flash-lite,0,1,1,1,1,1.0,502,32,565.7,6.3e-05,A 32.3% increase in signal was observed for buprenorphine in the binary mixture when analyzed by TD-DART-MS.,,1,1,1,1,1,1.0,553,31,453.8,6.8e-05,A 323% increase in signal was observed for buprenorphine in the binary mixture when analyzed by TD-DART-MS.,,0,1,1,1,1,1.0,690,28,433.4,8e-05,A 32.3% increase in signal was observed for buprenorphine when analyzed by TD-DART-MS.,,1,1,1,1,1,1.0,745,31,533.2,8.7e-05,A 323% increase in signal was observed for buprenorphine in the binary mixture when analyzed by TD-DART-MS.,
What is the name of the instrument developed at Laval University to measure doctor-patient communication competency in medical students?,PMC5658909_00001.txt,text,gemini-flash-lite,0,0,0,1,1,1.0,445,46,531.1,6.3e-05,"The provided text does not state the name of the instrument developed at Laval University. It mentions an instrument called ""Competency for Medical Students (DP",,0,0,0,1,1,1.0,540,6,408.6,5.6e-05,I don't know.,,0,0,0,1,1,1.0,644,47,686.3,8.3e-05,"The provided text mentions the ""Competency for Medical Students (DPCC-MS)"" as an instrument to measure doctor-patient communication, but it does not state that ",,1,0,1,1,1,1.0,743,20,526.2,8.2e-05,"The provided text identifies the instrument as the ""Competency for Medical Students (DPCC-MS).""",
What linguistic cue indicates that the speaker knows what they are saying is factually not true in counterfactual comprehension?,PMC5018041_00001.txt,text,gemini-flash-lite,1,1,1,1,1,1.0,387,23,493.2,4.8e-05,The provided context indicates that the subjunctive mood is used to convey information that is factually false in counterfactual comprehension.,,1,1,1,1,1,1.0,435,31,461.5,5.6e-05,The provided context and knowledge-graph facts indicate that the subjunctive mood is the linguistic cue used in counterfactual comprehension to convey informati,,1,1,1,1,1,1.0,581,44,522.2,7.6e-05,"According to the provided text, the linguistic cue that indicates the speaker is conveying information that is factually false is the use of the subjunctive moo",,1,1,1,1,1,1.0,633,32,489.6,7.6e-05,"Based on the provided text and knowledge-graph facts, the subjunctive mood is the linguistic cue used in counterfactual comprehension to convey information that",
What was the primary diagnosis of the 115 women in the BED group?,PMC3051108_00002.txt,text,gemini-flash-lite,1,1,1,1,1,1.0,491,22,473.8,5.8e-05,The primary diagnosis of the 115 women in the BED group was BED (Binge Eating Disorder).,,1,0,1,1,1,1.0,512,22,515.2,6e-05,The primary diagnosis of the 115 women in the BED group was BED (Binge Eating Disorder).,,1,1,1,1,1,1.0,660,22,409.6,7.5e-05,The primary diagnosis of the 115 women in the BED group was BED (Binge Eating Disorder).,,1,1,1,1,1,1.0,685,18,492.8,7.6e-05,The primary diagnosis of the women in the BED group was BED (Binge Eating Disorder).,
What type of mice were used to evaluate the protective role of EGCG against diabetic testicular damage?,PMC5733955_00001.txt,text,gemini-flash-lite,0,1,1,1,1,1.0,480,25,457.4,5.8e-05,Eight-week-old normal and diabetic male C57BL/6 wild-type and Nef knockout mice were used.,,1,1,1,1,1,1.0,563,41,596.8,7.3e-05,The mice used to evaluate the protective role of EGCG against diabetic testicular damage were eight-week-old normal and diabetic male C57BL/6 wild-type and Nrf2,,1,1,1,1,1,1.0,685,27,540.8,7.9e-05,Eight-week-old normal and diabetic male C57BL/6 wild-type and Nrf2 knockout mice were used.,,0,1,1,1,1,1.0,772,37,474.5,9.2e-05,Eight-week-old normal and diabetic male C57BL/6 wild-type and Nef knockout mice were used to evaluate the protective role of EGCG against diabetic testicular da,
What questionnaire module is used alongside the EORTC QLQ-C30 to assess breast cancer-specific symptoms?,PMC5759866_00005.txt,text,gemini-flash-lite,0,0,1,1,1,1.0,531,32,466.7,6.6e-05,The breast cancer-specific module used alongside the EORTC-QLQ-C30 is the EORTC-QLQ-BR23.,,0,0,1,1,1,1.0,625,32,514.0,7.5e-05,The breast cancer-specific module used alongside the EORTC-QLQ-C30 is the EORTC-QLQ-BR23.,,0,0,1,1,1,1.0,721,31,438.6,8.5e-05,The breast cancer-specific module used alongside the EORTC QLQ-C30 is the EORTC-QLQ-BR23.,,0,0,1,1,1,1.0,819,31,502.6,9.4e-05,The breast cancer-specific module used alongside the EORTC QLQ-C30 is the EORTC-QLQ-BR23.,
What year is associated with the Cngenve ae Fae nvsom esas entity in the passage?,PMC4974260_00004.txt,text,gemini-flash-lite,0,0,0,0,0,0.0,483,6,361.9,5.1e-05,I don't know.,,0,0,0,0,0,0.0,498,6,478.1,5.2e-05,I don't know.,,0,0,0,0,0,0.0,685,6,386.8,7.1e-05,I don't know.,,0,0,0,0,0,0.0,704,6,416.1,7.3e-05,I don't know.,
What term did the vocational trainees in this Swedish general practice study use to refer to a specific refugee group?,PMC4205530_00005.txt,text,gemini-flash-lite,1,0,1,1,1,1.0,460,22,391.3,5.5e-05,"The vocational trainees in the study used the term ""Somali patient"" to refer to the specific refugee group.",,1,0,1,1,1,1.0,491,22,496.4,5.8e-05,"The vocational trainees in the study used the term ""Somali patient"" to refer to the specific refugee group.",,1,0,1,1,1,1.0,651,22,399.9,7.4e-05,"The vocational trainees in the study used the term ""Somali patient"" to refer to that specific refugee group.",,1,0,1,1,1,1.0,686,22,587.9,7.7e-05,"The vocational trainees in the study used the term ""Somali patient"" to refer to the specific refugee group.",
What two approaches are discussed for assessing the grammatical abilities of nonhuman animals?,PMC5325849_00000.txt,text,gemini-flash-lite,1,1,1,1,1,1.0,443,55,524.8,6.6e-05,The two approaches discussed for assessing the grammatical abilities of nonhuman animals are:  1. Comparing the syntax of animal vocalizations with that of lang,,1,1,1,1,1,1.0,464,55,563.5,6.8e-05,The two approaches discussed for assessing the grammatical abilities of nonhuman animals are:  1. Comparing the syntax of animal vocalizations with that of lang,,1,1,1,1,1,1.0,630,56,557.9,8.5e-05,The two approaches discussed for assessing the grammatical abilities of nonhuman animals are:  1. Comparing the structure of animal vocalizations with that of l,,1,1,1,1,1,1.0,655,55,532.6,8.8e-05,The two approaches discussed for assessing the grammatical abilities of nonhuman animals are:  1. Comparing the structure of animal vocalizations with that of l,
In which two countries is the 'her carer' category relatively more important when both parents are away?,PMC4837485_00006.txt,text,gemini-flash-lite,1,1,1,1,1,1.0,447,16,500.8,5.1e-05,The 'her carer' category is relatively more important in Indonesia and the Philippines.,,1,0,1,1,1,1.0,490,27,461.8,6e-05,"Based on the provided context, the 'her carer' category is relatively more important in Indonesia and the Philippines when both parents are away.",,1,1,1,1,1,1.0,644,21,422.2,7.3e-05,The 'her carer' category is relatively more important in Indonesia and the Philippines when both parents are away.,,1,0,1,1,1,1.0,691,27,428.9,8e-05,"According to the provided text, the 'her carer' category is relatively more important in Indonesia and the Philippines when both parents are away.",
What proportion of CA- and HCA-BSI was reported by Laupland et al. for children aged 30 days to <1 year in Canada?,PMC4531492_00004.txt,text,gemini-flash-lite,1,1,1,1,1,1.0,503,36,468.6,6.5e-05,The proportion of CA- and HCA-BSI reported by Laupland et al. for children aged 30 days to <1 year in Canada was 81%.,,1,1,1,1,1,1.0,537,36,455.4,6.8e-05,Laupland et al. reported an 81% proportion of CA- and HCA-BSI for children aged 30 days to <1 year in Canada.,,1,1,1,1,1,1.0,710,36,457.3,8.5e-05,Laupland et al. reported an 81% proportion of CA- and HCA-BSI for children aged 30 days to <1 year in Canada.,,1,1,1,1,1,1.0,748,36,486.4,8.9e-05,Laupland et al. reported an 81% proportion of CA- and HCA-BSI for children aged 30 days to <1 year in Canada.,
What equipment is most commonly used for microfluidics in phylogenomics?,PMC5895195_00002.txt,text,gemini-flash-lite,1,1,1,1,1,1.0,449,33,448.3,5.8e-05,"In phylogenomics, the most commonly used equipment for microfluidics is the Fluidigm Access Array System (Fluidigm Corporation, San Francisco, California, USA).",,1,1,1,1,1,1.0,467,32,864.6,6e-05,"The most commonly used equipment for microfluidics in phylogenomics is the Fluidigm Access Array System (Fluidigm Corporation, San Francisco, California, USA).",,1,1,1,1,1,1.0,638,33,449.7,7.7e-05,"In phylogenomics, the most commonly used equipment for microfluidics is the Fluidigm Access Array System (Fluidigm Corporation, San Francisco, California, USA).",,1,1,1,1,1,1.0,660,32,472.6,7.9e-05,"The most commonly used equipment for microfluidics in phylogenomics is the Fluidigm Access Array System (Fluidigm Corporation, San Francisco, California, USA).",
What NT level value is associated with 87.3% sensitivity and 91.7% specificity for discriminating colon pathology from normal colonic epithelium?,PMC5591352_00002.txt,text,gemini-flash-lite,0,1,1,1,1,1.0,546,40,539.3,7.1e-05,The value of 129.3 pg/ml is associated with 87.3% sensitivity and 91.7% specificity for discriminating colon pathology from normal colonic epithelium.,,1,1,1,1,1,1.0,618,41,450.7,7.8e-05,The NT level value of 1293 pg/ml is associated with 87.3% sensitivity and 91.7% specificity for discriminating colon pathology from normal colonic epithelium.,,0,1,1,1,1,1.0,779,40,456.5,9.4e-05,The value of 129.3 pg/ml is associated with 87.3% sensitivity and 91.7% specificity for discriminating colon pathology from normal colonic epithelium.,,1,0,1,1,1,1.0,855,41,572.1,0.000102,The NT level value of 1293 pg/ml is associated with 87.3% sensitivity and 91.7% specificity for discriminating colon pathology from normal colonic epithelium.,
What was the total number of registered GPs in the Seine-Maritime area in 2010?,PMC4308843_00001.txt,text,gemini-flash-lite,1,1,1,1,1,1.0,482,24,481.7,5.8e-05,"In 2010, there were 1,040 registered GPs in the Seine-Maritime area.",,1,1,1,1,1,1.0,514,25,442.9,6.1e-05,The total number of registered GPs in the Seine-Maritime area in 2010 was 1040.,,1,1,1,1,1,1.0,691,22,623.8,7.8e-05,"In 2010, the Seine-Maritime area had 1,040 registered GPs.",,1,1,1,1,1,1.0,727,25,421.9,8.3e-05,The total number of registered GPs in the Seine-Maritime area in 2010 was 1040.,
How many patients treated with placebo experienced their first stroke more than 390 days after the first intake of trial medication?,PMC5404404_00002.txt,text,gemini-flash-lite,0,0,0,1,1,1.0,542,6,521.2,5.7e-05,I don't know.,,0,0,0,1,1,1.0,618,6,419.6,6.4e-05,I don't know.,,0,0,0,1,1,1.0,732,5,552.3,7.5e-05,I do not know.,,0,0,0,1,1,1.0,812,35,675.7,9.5e-05,I don't know. The provided text and information do not contain data regarding the timing of strokes in relation to the number of days after the first intake of ,
What structural component of the T4 phage is formed by the trimeric assembly of gp27-gp5?,PMC3352280_00010.txt,text,gemini-flash-lite,1,1,1,1,1,1.0,540,22,556.9,6.3e-05,The trimeric assembly of gp27-gp5 results in the formation of the cell puncturing device.,,1,1,1,1,1,1.0,592,22,738.0,6.8e-05,The trimeric assembly of gp27-gp5 relates to the formation of the cell puncturing device.,,1,1,1,1,1,1.0,736,22,436.7,8.2e-05,The trimeric assembly of gp27-gp5 results in the formation of a cell puncturing device.,,1,1,1,1,1,1.0,792,22,506.3,8.8e-05,The trimeric assembly of gp27-gp5 relates to the formation of the cell puncturing device.,
What percentage of species across all dietary categories were correctly classified using ecomorphology in the LDA?,PMC4321144_00001.txt,text,gemini-flash-lite,0,0,1,1,1,1.0,505,29,617.9,6.2e-05,"According to the provided text, ecomorphology enabled the correct classification of 87% of species across all eight dietary categories using LDA.",,0,0,1,1,1,1.0,528,21,483.1,6.1e-05,87% of species across all dietary categories were correctly classified using ecomorphology in the LDA.,,0,0,1,1,1,1.0,674,29,424.4,7.9e-05,"According to the provided text, ecomorphology enabled the correct classification of 87% of species across all eight dietary categories using LDA.",,0,0,1,1,1,1.0,701,29,672.1,8.2e-05,"According to the provided text, ecomorphology enabled the correct classification of 87% of species across all eight dietary categories using LDA.",
What transcription factor is expressed in the epicardium during heart development?,PMC4798847_00001.txt,text,gemini-flash-lite,0,0,0,1,1,0.5,436,6,421.4,4.6e-05,I don't know.,,0,0,0,1,1,0.5,456,6,450.3,4.8e-05,I don't know.,,0,0,0,1,1,0.5,624,6,541.1,6.5e-05,I don't know.,,0,0,0,1,1,0.5,648,6,497.7,6.7e-05,I don't know.,
What database was used to investigate whether young age at onset is an independent negative prognostic factor in breast cancer?,PMC5050233_00001.txt,text,gemini-flash-lite,0,0,0,1,1,1.0,447,6,493.0,4.7e-05,I don't know.,,0,0,1,1,1,1.0,488,24,612.9,5.8e-05,I don't know. The provided text and knowledge-graph facts do not specify the name of the database used.,,0,0,1,1,1,1.0,622,22,591.5,7.1e-05,I don't know. The provided text does not specify the name of the database used for that investigation.,,0,0,0,1,1,1.0,667,39,655.7,8.2e-05,"I don't know. The provided text mentions that data were derived from ""older and relatively small cohort studies,"" but it does not specify the name of a particul",
What modification was made to the SCID diagnostic criteria for Major Depressive Disorder in the study conducted in Kyiv and Zaporizhia?,PMC6092824_00003.txt,text,gemini-flash-lite,0,1,1,1,1,1.0,476,65,847.7,7.4e-05,"The study modified the SCID criteria for Major Depressive Disorder (MDD) to improve the likelihood of capturing probable cases, specifically because interviewer",,1,1,1,1,1,1.0,525,47,792.4,7.1e-05,"The SCID criteria for Major Depressive Disorder were modified to improve the likelihood of capturing probable cases, specifically to address instances where par",,0,1,1,1,1,1.0,688,73,693.2,9.8e-05,The study modified the SCID criteria for Major Depressive Disorder (MDD) to improve the likelihood of capturing probable cases. This was done because interviewe,,0,1,1,1,1,1.0,741,71,712.2,0.000103,The study modified the SCID criteria for Major Depressive Disorder (MDD) to improve the likelihood of capturing probable cases. This was done because interviewe,
What chemotherapy regimen was used for neoadjuvant treatment in a single patient with stage IVb thymic carcinoma?,PMC6103631_00003.txt,text,gemini-flash-lite,0,0,0,1,1,1.0,513,6,478.6,5.4e-05,I don't know.,,0,0,0,1,1,1.0,600,6,400.5,6.2e-05,I don't know.,,0,0,1,1,1,1.0,701,43,576.2,8.7e-05,"I don't know. The provided text mentions a patient with thymic carcinoma who received concurrent weekly cisplatin and paclitaxel, but it does not specify the st",,0,0,1,1,1,1.0,792,34,535.0,9.3e-05,I don't know. The provided text and knowledge-graph facts do not specify a neoadjuvant chemotherapy regimen for a patient with stage IVb thymic carcinoma.,
What research methodology is mentioned as showing persons and institutions that embody several roles and functions?,PMC5306236_00019.txt,text,gemini-flash-lite,1,1,1,1,1,1.0,435,19,517.7,5.1e-05,"The research methodology mentioned is ""following the actors"" (Latour 1987).",,1,1,1,1,1,1.0,460,19,442.1,5.4e-05,"The research methodology mentioned is ""following the actors"" (Latour 1987).",,1,1,1,1,1,1.0,605,23,477.4,7e-05,"The research methodology mentioned is a research programme of ""following the actors"" (Latour 1987).",,1,1,1,1,1,1.0,634,26,530.7,7.4e-05,"According to the provided text context, the research methodology mentioned is ""following the actors"" (Latour 1987).",
What diagnostic method was consistently positive in all examined cases of Bartonella infection?,PMC5997851_00004.txt,text,gemini-flash-lite,1,1,1,1,1,1.0,446,10,421.9,4.9e-05,Bartonella DNA was positive in all cases.,,1,1,1,1,1,1.0,476,10,460.9,5.2e-05,Bartonella DNA was positive in all cases.,,1,1,1,1,1,1.0,627,10,427.8,6.7e-05,Bartonella DNA was positive in all cases.,,1,1,1,1,1,1.0,661,15,623.7,7.2e-05,"According to the provided text, Bartonella DNA was positive in all cases.",
What is the AB42/AB40 ratio significantly higher in compared to the EV-depleted medium?,PMC5137253_00001.txt,text,gemini-flash-lite,0,0,0,0,0,0.0,472,6,403.8,5e-05,I don't know.,,0,0,0,0,0,0.0,487,6,400.5,5.1e-05,I don't know.,,0,0,0,0,0,0.0,702,5,445.2,7.2e-05,I do not know.,,0,0,0,0,0,0.0,721,6,442.7,7.5e-05,I don't know.,
What was the threshold for the number of magnetic resonance images used to compare HCC before and after registration?,PMC5976220_00003.txt,text,gemini-flash-lite,0,0,0,0,0,0.0,505,6,444.1,5.3e-05,I don't know.,,0,0,0,0,0,0.0,542,6,423.8,5.7e-05,I don't know.,,0,0,0,0,0,0.0,701,5,510.5,7.2e-05,I do not know.,,0,0,0,0,0,0.0,742,6,433.4,7.7e-05,I don't know.,
Which diagnostic group showed no significant correlations for planning and text organization?,PMC5868987_00013.txt,text,gemini-flash-lite,1,1,1,1,1,1.0,497,36,501.7,6.4e-05,"Based on the provided text, only the control group showed significant correlations for planning and text organization; therefore, the dysgraphia and dyslexia gr",,0,0,0,1,1,1.0,530,56,581.2,7.5e-05,"Based on the provided context, only the control group showed significant correlations for planning and text organization. The text does not explicitly state whi",,0,0,0,1,1,1.0,675,49,653.6,8.7e-05,"Based on the provided text, the control group showed significant correlations for planning and text organization, but the text does not explicitly state which o",,0,0,1,1,1,1.0,712,51,552.6,9.2e-05,"Based on the provided text, only the control group showed significant correlations for planning and text organization. The text does not explicitly state which ",
What molecule was measured in SHRSP rats and WKY rats to compare its levels before and after administration?,PMC4490909_00005.txt,text,gemini-flash-lite,1,0,1,1,1,0.5,501,6,457.8,5.3e-05,Hexadecandioate.,,1,1,1,1,1,0.5,532,18,485.4,6e-05,The molecule measured in SHRSP rats and WKY rats was hexadecanedioate.,,1,1,1,1,1,0.5,739,18,487.1,8.1e-05,The molecule measured in SHRSP rats and WKY rats was hexadecanedioate.,,1,1,1,1,1,0.5,774,53,679.9,9.9e-05,"Based on the provided text context and knowledge-graph facts, the molecule measured in SHRSP rats and WKY rats is hexadecanedioate (referred to as ""hexadecanedi",
What percentage of productive forest land in Sweden is privately owned?,PMC5999132_00005.txt,text,gemini-flash-lite,1,1,1,1,1,1.0,494,15,458.3,5.5e-05,Approximately 81% of productive forest land in Sweden is privately owned.,,0,0,1,1,1,1.0,536,14,481.4,5.9e-05,816% of productive forest land in Sweden is privately owned.,,1,1,1,1,1,1.0,698,15,528.4,7.6e-05,Approximately 81% of productive forest land in Sweden is privately owned.,,0,1,0,1,1,1.0,744,16,469.5,8.1e-05,Approximately 816% of productive forest land in Sweden is privately owned.,
What cutoff score on the ADOS or ADI-R was used to define the at-risk typical group?,PMC3942014_00004.txt,text,gemini-flash-lite,0,0,1,1,1,1.0,582,36,499.6,7.3e-05,The cutoff score used to define the at-risk typical group was within 1 SD of the score (>7.75) on the ADOS or ADI-R.,,0,0,1,1,1,1.0,597,41,529.1,7.6e-05,"Based on the provided context, the at-risk typical group was defined as children who scored within 1 SD of the cutoff (>7.75) on the ADOS or ADI-R.",,0,0,1,1,1,1.0,796,41,554.9,9.6e-05,"According to the provided text, children are considered ""at-risk typical"" if they score within 1 SD of the cutoff (>7.75) on the ADOS or ADI-R.",,0,0,1,1,1,1.0,815,43,461.6,9.9e-05,"Based on the provided text, children are considered typically developing (At-risk Typical) if they score within 1 SD of the cutoff (>7.75) on the ADOS or ADI-R.",
"What percentage of the HAdV-positive wastewater samples in the Eastern Cape Province, South Africa contained adenovirus serotype 3 (species B)?",PMC5093187_00008.txt,text,gemini-flash-lite,0,0,1,1,1,1.0,566,63,573.2,8.2e-05,"I don't know. The provided text mentions that adenovirus serotype 3 (species B) was detected in 86.7% (26/30) of the HAdV-positive samples, but it does not spec",,1,1,1,1,1,1.0,653,28,446.6,7.7e-05,Adenovirus serotype 3 (species B) was detected in 86.7% of the HAdV-positive samples.,,1,0,1,1,1,1.0,791,59,500.7,0.000103,"Based on the provided text, adenovirus serotype 3 (species B) was detected in 86.7% (26/30) of the HAdV-positive samples. The text does not explicitly state tha",,1,1,1,1,1,1.0,882,28,843.2,9.9e-05,Adenovirus serotype 3 (species B) was detected in 86.7% of the HAdV-positive samples.,
What is the effect of the methylene chloride fraction from Rubus coreanum on blood pressure in anesthetized rats?,PMC4745144_00000.txt,text,gemini-flash-lite,1,1,1,1,1,1.0,411,26,503.7,5.2e-05,The methylene chloride fraction from *Rubus coreanum* causes a hypotensive effect (depressor action) in anesthetized rats.,,1,1,1,1,1,1.0,478,26,511.8,5.8e-05,The methylene chloride fraction from *Rubus coreanum* causes a depressor action and a hypotensive effect in anesthetized rats.,,1,1,1,1,1,1.0,632,26,489.6,7.4e-05,The methylene chloride fraction from *Rubus coreanum* causes a hypotensive effect (depressor action) in anesthetized rats.,,1,1,1,1,1,1.0,703,26,466.9,8.1e-05,The methylene chloride fraction from *Rubus coreanum* causes a depressor action and a hypotensive effect in anesthetized rats.,
What ELISA kit was used to measure HMGB1 concentration in CSF samples?,PMC5061653_00002.txt,text,gemini-flash-lite,0,1,1,1,1,1.0,486,27,468.0,5.9e-05,"The FING ELISA Kit II (SHINO-TEST Corporations, Kanagawa, Japan) was used to measure HMGB1 concentration.",,0,1,1,1,1,1.0,502,26,422.1,6.1e-05,"The HMGB1 concentration was measured using the FING ELISA Kit II (SHINO-TEST Corporations, Kanagawa, Japan).",,1,1,1,1,1,1.0,737,27,485.7,8.5e-05,"The HMGB1 concentration was measured using the HMGB1 ELISA Kit II (SHINO-TEST Corporation, Kanagawa, Japan).",,1,1,1,1,1,1.0,757,27,432.5,8.7e-05,"The HMGB1 concentration was measured using the HMGB1 ELISA Kit II (SHINO-TEST Corporation, Kanagawa, Japan).",
What was the Kaiser-Meyer-Olkin measure of sampling adequacy for the dataset?,PMC2627534_00003.txt,text,gemini-flash-lite,1,1,1,1,1,1.0,512,21,441.3,6e-05,The Kaiser-Meyer-Olkin measure of sampling adequacy for the dataset was 0.77.,,1,1,1,1,1,1.0,535,21,658.1,6.2e-05,The Kaiser-Meyer-Olkin measure of sampling adequacy for the dataset was 0.77.,,1,1,1,1,1,1.0,707,21,481.6,7.9e-05,The Kaiser-Meyer-Olkin measure of sampling adequacy for the dataset was 0.77.,,1,1,1,1,1,1.0,734,21,455.9,8.2e-05,The Kaiser-Meyer-Olkin measure of sampling adequacy for the dataset was 0.77.,
What was identified as the single independent risk factor for MDRGNB-infected foot ulcers in diabetic patients?,PMC2821376_00000.txt,text,gemini-flash-lite,1,1,1,1,1,1.0,474,16,418.6,5.4e-05,'Glycemic control at discharge' was identified as the single independent risk factor.,,1,1,1,1,1,1.0,522,14,461.6,5.8e-05,Glycemic control at discharge was identified as the single independent risk factor.,,1,1,1,1,1,1.0,686,22,438.9,7.7e-05,"Based on the provided text, ""Glycemic control at discharge"" was identified as the single independent risk factor.",,1,1,1,1,1,1.0,738,28,525.7,8.5e-05,"Based on the provided text context and knowledge-graph facts, ""glycemic control at discharge"" was identified as the single independent risk factor.",
